file;na;r;R;mpif;model;na;sol;z;bestlp;root;cuts;cuts;cuts;cuts;nodecount;time;status;gap
n100_m1000_d1_100_f1_1_s1.dat; NA ;3.4;4; CPIF ;SZ; nobenders ;34682;34682;34682;0;0;0;0;0;0;0.035103;lpstatus: 101;0
n100_m1000_d1_100_f1_1_s5.dat; NA ;3.4;4; CPIF ;SZ; nobenders ;45372;45372;45372;0;0;0;0;0;0;0.035668;lpstatus: 101;0
n100_m5000_d1_100_f1_1_s1.dat; NA ;3.4;4; CPIF ;SZ; nobenders ;174050;174050;174050;0;0;0;0;0;0;0.233362;lpstatus: 101;0
n100_m5000_d1_100_f1_1_s5.dat; NA ;3.4;4; CPIF ;SZ; nobenders ;220414;220414;220414;0;0;0;0;0;0;0.243588;lpstatus: 101;0
n100_m10000_d1_100_f1_1_s1.dat; NA ;3.4;4; CPIF ;SZ; nobenders ;354048;354048;354048;0;0;0;0;0;0;0.414806;lpstatus: 101;0
n100_m10000_d1_100_f1_1_s5.dat; NA ;3.4;4; CPIF ;SZ; nobenders ;445795;445795;445795;0;0;0;0;0;0;0.489733;lpstatus: 101;0
n100_m50000_d1_100_f1_1_s1.dat; NA ;3.4;4; CPIF ;SZ; nobenders ;1786276;1786276;1786276;0;0;0;0;0;0;9.833922;lpstatus: 101;0
n100_m50000_d1_100_f1_1_s5.dat; NA ;3.4;4; CPIF ;SZ; nobenders ;2231812;2231812;2231812;0;0;0;0;0;0;10.221225;lpstatus: 101;0
n100_m100000_d1_100_f1_1_s1.dat; NA ;3.4;4; CPIF ;SZ; nobenders ;3575217;3575217;3575217;0;0;0;0;0;0;49.963198;lpstatus: 101;0
n100_m100000_d1_100_f1_1_s5.dat; NA ;3.4;4; CPIF ;SZ; nobenders ;4473082;4473082;4473082;0;0;0;0;0;0;55.402785;lpstatus: 101;0
n100_m1000_d1_100_f1_1_s1.dat; NA ;3.4;4; CPIF ;MZ; nobenders ;34682;34682;34682;0;0;0;0;0;0;0.75197;lpstatus: 101;0
n100_m1000_d1_100_f1_1_s5.dat; NA ;3.4;4; CPIF ;MZ; nobenders ;45372;45372;45372;0;0;0;0;0;0;0.49199;lpstatus: 101;0
n100_m5000_d1_100_f1_1_s1.dat; NA ;3.4;4; CPIF ;MZ; nobenders ;174050;174050;174050;0;0;0;0;0;0;1.74975;lpstatus: 101;0
n100_m5000_d1_100_f1_1_s5.dat; NA ;3.4;4; CPIF ;MZ; nobenders ;220414;220414;220414;0;0;0;0;0;0;1.103459;lpstatus: 101;0
n100_m10000_d1_100_f1_1_s1.dat; NA ;3.4;4; CPIF ;MZ; nobenders ;354048;354048;354048;0;0;0;0;0;0;3.510958;lpstatus: 101;0
n100_m10000_d1_100_f1_1_s5.dat; NA ;3.4;4; CPIF ;MZ; nobenders ;445795;445795;445795;0;0;0;0;0;0;1.924348;lpstatus: 101;0
n100_m50000_d1_100_f1_1_s1.dat; NA ;3.4;4; CPIF ;MZ; nobenders ;1786276;1786276;1786276;0;0;0;0;0;0;44.605264;lpstatus: 101;0
n100_m50000_d1_100_f1_1_s5.dat; NA ;3.4;4; CPIF ;MZ; nobenders ;2231812;2231812;2231812;0;0;0;0;0;0;13.728686;lpstatus: 101;0
n100_m100000_d1_100_f1_1_s1.dat; NA ;3.4;4; CPIF ;MZ; nobenders ;3575217;3575217;3575217;0;0;0;0;0;0;199.460309;lpstatus: 101;0
n100_m100000_d1_100_f1_1_s5.dat; NA ;3.4;4; CPIF ;MZ; nobenders ;4473082;4473082;4473082;0;0;0;0;0;0;58.57986;lpstatus: 101;0
n100_m1000_d1_100_f1_1_s1.dat; NA ;3.4;4; CPIF ;NZ; nobenders ;34682;34682;34682;34682;16;21;0;0;0;0.005863;lpstatus: 101;0
n100_m1000_d1_100_f1_1_s5.dat; NA ;3.4;4; CPIF ;NZ; nobenders ;45372;45372;45372;45372;8;7;0;0;0;0.00331;lpstatus: 101;0
n100_m5000_d1_100_f1_1_s1.dat; NA ;3.4;4; CPIF ;NZ; nobenders ;174050;174050;174050;174050;15;26;0;0;0;0.013684;lpstatus: 101;0
n100_m5000_d1_100_f1_1_s5.dat; NA ;3.4;4; CPIF ;NZ; nobenders ;220414;220414;220414;220414;8;8;0;0;0;0.006315;lpstatus: 101;0
n100_m10000_d1_100_f1_1_s1.dat; NA ;3.4;4; CPIF ;NZ; nobenders ;354048;354048;354048;354048;16;18;0;0;0;0.02583;lpstatus: 101;0
n100_m10000_d1_100_f1_1_s5.dat; NA ;3.4;4; CPIF ;NZ; nobenders ;445795;445795;445795;445795;8;11;0;0;0;0.012785;lpstatus: 101;0
n100_m50000_d1_100_f1_1_s1.dat; NA ;3.4;4; CPIF ;NZ; nobenders ;1786276;1786276;1786276;1786276;17;27;0;0;0;0.260745;lpstatus: 101;0
n100_m50000_d1_100_f1_1_s5.dat; NA ;3.4;4; CPIF ;NZ; nobenders ;2231812;2231812;2231812;2231812;8;9;0;0;0;0.091571;lpstatus: 101;0
n100_m100000_d1_100_f1_1_s1.dat; NA ;3.4;4; CPIF ;NZ; nobenders ;3575217;3575217;3575217;3575217;17;27;0;0;0;0.68501;lpstatus: 101;0
n100_m100000_d1_100_f1_1_s5.dat; NA ;3.4;4; CPIF ;NZ; nobenders ;4473082;4473082;4473082;4473082;8;9;0;0;0;0.265358;lpstatus: 101;0
n100_m1000_d1_100_f1_1_s1.dat; NA ;3.4;4; CPIF ;NT; nobenders ;34682;34682;34682;0;18;5;2;0;0;0.001805;lpstatus: 101;0
n100_m1000_d1_100_f1_1_s5.dat; NA ;3.4;4; CPIF ;NT; nobenders ;45372;45372;45372;0;8;5;1;0;0;0.001841;lpstatus: 101;0
n100_m5000_d1_100_f1_1_s1.dat; NA ;3.4;4; CPIF ;NT; nobenders ;174050;174050;174050;0;19;5;2;0;0;0.003297;lpstatus: 101;0
n100_m5000_d1_100_f1_1_s5.dat; NA ;3.4;4; CPIF ;NT; nobenders ;220414;220414;220414;0;8;5;1;0;0;0.003529;lpstatus: 101;0
n100_m10000_d1_100_f1_1_s1.dat; NA ;3.4;4; CPIF ;NT; nobenders ;354048;354048;354048;0;19;5;2;0;0;0.005228;lpstatus: 101;0
n100_m10000_d1_100_f1_1_s5.dat; NA ;3.4;4; CPIF ;NT; nobenders ;445795;445795;445795;0;8;5;1;0;0;0.003961;lpstatus: 101;0
n100_m50000_d1_100_f1_1_s1.dat; NA ;3.4;4; CPIF ;NT; nobenders ;1786276;1786276;1786276;0;19;5;2;0;0;0.020318;lpstatus: 101;0
n100_m50000_d1_100_f1_1_s5.dat; NA ;3.4;4; CPIF ;NT; nobenders ;2231812;2231812;2231812;0;8;5;1;0;0;0.013494;lpstatus: 101;0
n100_m100000_d1_100_f1_1_s1.dat; NA ;3.4;4; CPIF ;NT; nobenders ;3575217;3575217;3575217;0;19;5;2;0;0;0.038694;lpstatus: 101;0
n100_m100000_d1_100_f1_1_s5.dat; NA ;3.4;4; CPIF ;NT; nobenders ;4473082;4473082;4473082;0;8;5;1;0;0;0.025308;lpstatus: 101;0
n100_m1000_d1_100_f1_1_s1.dat; NA ;5.5;4; CPIF ;SZ; nobenders ;8665;8665;6303.57614;0;0;0;0;0;208700;3599.854812;lpstatus: 107;0.272524392
n100_m1000_d1_100_f1_1_s5.dat; NA ;5.5;4; CPIF ;SZ; nobenders ;12863;12863;9176.844734;0;0;0;0;0;274349;3599.851057;lpstatus: 107;0.286570416
n100_m5000_d1_100_f1_1_s1.dat; NA ;5.5;4; CPIF ;SZ; nobenders ;60486;60486;32544.42796;0;0;0;0;0;231135;3599.83304;lpstatus: 107;0.461951064
n100_m5000_d1_100_f1_1_s5.dat; NA ;5.5;4; CPIF ;SZ; nobenders ;62889;62889;38918.32067;0;0;0;0;0;137062;3599.847074;lpstatus: 107;0.381158539
n100_m10000_d1_100_f1_1_s1.dat; NA ;5.5;4; CPIF ;SZ; nobenders ;122227;122227;61237.45584;0;0;0;0;0;112403;3599.786737;lpstatus: 107;0.498985856
n100_m10000_d1_100_f1_1_s5.dat; NA ;5.5;4; CPIF ;SZ; nobenders ;126665;126665;74031.48639;0;0;0;0;0;143795;3599.806035;lpstatus: 107;0.415533207
n100_m50000_d1_100_f1_1_s1.dat; NA ;5.5;4; CPIF ;SZ; nobenders ;2183420;2183420;273045.1895;0;0;0;0;0;1284;3599.831739;lpstatus: 107;0.874946099
n100_m50000_d1_100_f1_1_s5.dat; NA ;5.5;4; CPIF ;SZ; nobenders ;2260723;2260723;333415.0414;0;0;0;0;0;1048;3599.81119;lpstatus: 107;0.852518402
n100_m100000_d1_100_f1_1_s1.dat; NA ;5.5;4; CPIF ;SZ; nobenders ;4557253;4557253;569737.8472;0;0;0;0;0;493;3599.7955;lpstatus: 107;0.874982177
n100_m100000_d1_100_f1_1_s5.dat; NA ;5.5;4; CPIF ;SZ; nobenders ;4156505;4156505;668137.2542;0;0;0;0;0;225;3599.752796;lpstatus: 107;0.839255034
n100_m1000_d1_100_f1_1_s1.dat; NA ;5.5;4; CPIF ;MZ; nobenders ;9900;9900;5204.229167;0;0;0;0;0;3571;3599.812733;lpstatus: 107;0.474320286
n100_m1000_d1_100_f1_1_s5.dat; NA ;5.5;4; CPIF ;MZ; nobenders ;13460;13460;8540.00169;0;0;0;0;0;2100;3599.864645;lpstatus: 107;0.365527363
n100_m5000_d1_100_f1_1_s1.dat; NA ;5.5;4; CPIF ;MZ; nobenders ;72622;72622;28927.2899;0;0;0;0;0;1440;3599.892366;lpstatus: 107;0.601673186
n100_m5000_d1_100_f1_1_s5.dat; NA ;5.5;4; CPIF ;MZ; nobenders ;70089;70089;37954.72804;0;0;0;0;0;2415;3599.778927;lpstatus: 107;0.458478106
n100_m10000_d1_100_f1_1_s1.dat; NA ;5.5;4; CPIF ;MZ; nobenders ;180506;180506;55085.13623;0;0;0;0;0;480;3599.838667;lpstatus: 107;0.694829334
n100_m10000_d1_100_f1_1_s5.dat; NA ;5.5;4; CPIF ;MZ; nobenders ;186748;186748;68449.23333;0;0;0;0;0;431;3599.779208;lpstatus: 107;0.633467382
n100_m50000_d1_100_f1_1_s1.dat; NA ;5.5;4; CPIF ;MZ; nobenders ;2204426;2204426;280460.9022;0;0;0;0;0;68;3599.831484;lpstatus: 107;0.872773728
n100_m50000_d1_100_f1_1_s5.dat; NA ;5.5;4; CPIF ;MZ; nobenders ;2397934;2397934;333826.8864;0;0;0;0;0;33;3599.855044;lpstatus: 107;0.860785624
n100_m100000_d1_100_f1_1_s1.dat; NA ;5.5;4; CPIF ;MZ; nobenders ;4411419;4411419;583183.9;0;0;0;0;0;4;3599.990903;lpstatus: 107;0.86780129
n100_m100000_d1_100_f1_1_s5.dat; NA ;5.5;4; CPIF ;MZ; nobenders ;4649591;4649591;666647.4167;0;0;0;0;0;15;3599.880753;lpstatus: 107;0.856622353
n100_m1000_d1_100_f1_1_s1.dat; NA ;5.5;4; CPIF ;NZ; nobenders ;8665;8665;8665;6384;20;4120;0;0;147368;534.379773;lpstatus: 101;0
n100_m1000_d1_100_f1_1_s5.dat; NA ;5.5;4; CPIF ;NZ; nobenders ;12863;12863;12861.71429;13539;20;7732;0;0;658541;3143.505773;lpstatus: 102;9.99544E-05
n100_m5000_d1_100_f1_1_s1.dat; NA ;5.5;4; CPIF ;NZ; nobenders ;56914;56914;46945.25;36654;20;5133;0;0;141724;3599.795727;lpstatus: 107;0.175154619
n100_m5000_d1_100_f1_1_s5.dat; NA ;5.5;4; CPIF ;NZ; nobenders ;65781;65781;41692.67046;113675;20;7214;0;0;80645;3599.792804;lpstatus: 107;0.366189774
n100_m10000_d1_100_f1_1_s1.dat; NA ;5.5;4; CPIF ;NZ; nobenders ;116833;116833;84469;74452;20;4788;0;0;57131;3599.836477;lpstatus: 107;0.277010776
n100_m10000_d1_100_f1_1_s5.dat; NA ;5.5;4; CPIF ;NZ; nobenders ;169036;169036;77382.6;106177;20;4613;0;0;205840;3599.828773;lpstatus: 107;0.54221231
n100_m50000_d1_100_f1_1_s1.dat; NA ;5.5;4; CPIF ;NZ; nobenders ;2315205;0;253494.75;342448;2;209;0;0;4793;3599.837828;lpstatus: 107;0.890508724
n100_m50000_d1_100_f1_1_s5.dat; NA ;5.5;4; CPIF ;NZ; nobenders ;2398194;0;332814.1429;1201666;2;227;0;0;3600;3599.83625;lpstatus: 107;0.861223011
n100_m100000_d1_100_f1_1_s1.dat; NA ;5.5;4; CPIF ;NZ; nobenders ;4635708;0;504514;672236;2;239;0;0;658;3599.821995;lpstatus: 107;0.891167865
n100_m100000_d1_100_f1_1_s5.dat; NA ;5.5;4; CPIF ;NZ; nobenders ;4814636;0;670325.9;2279192;2;66;0;0;300;3599.827712;lpstatus: 107;0.860773296
n100_m1000_d1_100_f1_1_s1.dat; NA ;5.5;4; CPIF ;NT; nobenders ;9462;9462;5309.406184;0;20;8207;1050;0;392929;3600;lpstatus: 107;0.438870621
n100_m5000_d1_100_f1_1_s5.dat; NA ;5.5;4; CPIF ;NT; nobenders ;67591;67591;31572.5031;0;20;15239;1219;0;214263;3600;lpstatus: 107;0.532888948
n100_m10000_d1_100_f1_1_s1.dat; NA ;5.5;4; CPIF ;NT; nobenders ;115987;115987;60860.03226;0;20;10090;2021;0;286367;3600;lpstatus: 107;0.475285745
n100_m10000_d1_100_f1_1_s5.dat; NA ;5.5;4; CPIF ;NT; nobenders ;135378;135378;63179.42951;0;20;14123;1061;0;228077;3600;lpstatus: 107;0.533310955
n100_m100000_d1_100_f1_1_s5.dat; NA ;5.5;4; CPIF ;NT; nobenders ;1445833;1445833;621836.9219;0;20;14323;1351;0;229852;3600;lpstatus: 107;0.569910963
n100_m1000_d1_100_f1_1_s1.dat; NA ;5.5;6; CPIF ;SZ; nobenders ;529;529;37.563118;0;0;0;0;0;436472;3599.853626;lpstatus: 107;0.928992216
n100_m1000_d1_100_f1_1_s5.dat; NA ;5.5;6; CPIF ;SZ; nobenders ;2945;2945;779.10174;0;0;0;0;0;360400;3599.866325;lpstatus: 107;0.735449324
n100_m5000_d1_100_f1_1_s1.dat; NA ;5.5;6; CPIF ;SZ; nobenders ;4079;4079;95.660621;0;0;0;0;0;152873;3599.843943;lpstatus: 107;0.976548021
n100_m5000_d1_100_f1_1_s5.dat; NA ;5.5;6; CPIF ;SZ; nobenders ;18140;18140;4179;0;0;0;0;0;121775;3599.859896;lpstatus: 107;0.769625138
n100_m10000_d1_100_f1_1_s1.dat; NA ;5.5;6; CPIF ;SZ; nobenders ;7364;7364;33.666711;0;0;0;0;0;75554;3599.859285;lpstatus: 107;0.995428203
n100_m10000_d1_100_f1_1_s5.dat; NA ;5.5;6; CPIF ;SZ; nobenders ;39029;39029;9779;0;0;0;0;0;131251;3599.844222;lpstatus: 107;0.749442722
n100_m50000_d1_100_f1_1_s1.dat; NA ;5.5;6; CPIF ;SZ; nobenders ;324238;324238;0;0;0;0;0;0;15806;3599.886498;lpstatus: 107;1
n100_m50000_d1_100_f1_1_s5.dat; NA ;5.5;6; CPIF ;SZ; nobenders ;435090;435090;46698;0;0;0;0;0;15488;3599.898673;lpstatus: 107;0.892670482
n100_m100000_d1_100_f1_1_s1.dat; NA ;5.5;6; CPIF ;SZ; nobenders ;461142;461142;0;0;0;0;0;0;8360;3599.881239;lpstatus: 107;1
n100_m100000_d1_100_f1_1_s5.dat; NA ;5.5;6; CPIF ;SZ; nobenders ;2134542;2134542;91484;0;0;0;0;0;4007;3599.847381;lpstatus: 107;0.957141157
n100_m1000_d1_100_f1_1_s1.dat; NA ;5.5;6; CPIF ;MZ; nobenders ;5790;5790;0;0;0;0;0;0;600;3599.882431;lpstatus: 107;1
n100_m1000_d1_100_f1_1_s5.dat; NA ;5.5;6; CPIF ;MZ; nobenders ;12018;12018;779;0;0;0;0;0;600;3599.896931;lpstatus: 107;0.935180562
n100_m5000_d1_100_f1_1_s1.dat; NA ;5.5;6; CPIF ;MZ; nobenders ;74452;74452;0;0;0;0;0;0;554;3599.899841;lpstatus: 107;1
n100_m5000_d1_100_f1_1_s5.dat; NA ;5.5;6; CPIF ;MZ; nobenders ;130604;130604;4179;0;0;0;0;0;880;3599.904631;lpstatus: 107;0.968002511
n100_m10000_d1_100_f1_1_s1.dat; NA ;5.5;6; CPIF ;MZ; nobenders ;167266;167266;0;0;0;0;0;0;63;3599.868429;lpstatus: 107;1
n100_m10000_d1_100_f1_1_s5.dat; NA ;5.5;6; CPIF ;MZ; nobenders ;129056;129056;9779;0;0;0;0;0;62;3599.896658;lpstatus: 107;0.924226692
n100_m50000_d1_100_f1_1_s1.dat; NA ;5.5;6; CPIF ;MZ; nobenders ;2114691;2114691;0;0;0;0;0;0;684;3599.907491;lpstatus: 107;1
n100_m50000_d1_100_f1_1_s5.dat; NA ;5.5;6; CPIF ;MZ; nobenders ;1611505;1611505;46698;0;0;0;0;0;24;3599.867382;lpstatus: 107;0.971022119
n100_m100000_d1_100_f1_1_s1.dat; NA ;5.5;6; CPIF ;MZ; nobenders ;3186877;3186877;0;0;0;0;0;0;7;3599.933879;lpstatus: 107;1
n100_m100000_d1_100_f1_1_s5.dat; NA ;5.5;6; CPIF ;MZ; nobenders ;4461023;4461023;91484;0;0;0;0;0;9;3599.968511;lpstatus: 107;0.979492596
n100_m1000_d1_100_f1_1_s1.dat; NA ;5.5;6; CPIF ;NZ; nobenders ;529;529;529;0;20;3724;0;0;364147;705.776791;lpstatus: 101;0
n100_m1000_d1_100_f1_1_s5.dat; NA ;5.5;6; CPIF ;NZ; nobenders ;2785;2785;1136.875;779;20;8717;0;0;587851;3599.852087;lpstatus: 107;0.591786355
n100_m5000_d1_100_f1_1_s1.dat; NA ;5.5;6; CPIF ;NZ; nobenders ;3862;3862;2988.423077;0;20;3432;0;0;376560;3599.833231;lpstatus: 107;0.226198064
n100_m5000_d1_100_f1_1_s5.dat; NA ;5.5;6; CPIF ;NZ; nobenders ;15494;15494;5162.5;4179;20;9547;0;0;152779;3599.858975;lpstatus: 107;0.666806506
n100_m10000_d1_100_f1_1_s1.dat; NA ;5.5;6; CPIF ;NZ; nobenders ;8752;8752;3094.6;0;20;3637;0;0;116777;3599.870154;lpstatus: 107;0.646412249
n100_m10000_d1_100_f1_1_s5.dat; NA ;5.5;6; CPIF ;NZ; nobenders ;33074;33074;11067.18919;9779;20;8856;0;0;72501;3599.843746;lpstatus: 107;0.665380988
n100_m50000_d1_100_f1_1_s1.dat; NA ;5.5;6; CPIF ;NZ; nobenders ;154043;154043;111.125;0;20;1814;0;0;17277;3599.849868;lpstatus: 107;0.999278611
n100_m50000_d1_100_f1_1_s5.dat; NA ;5.5;6; CPIF ;NZ; nobenders ;2288959;0;46698;46698;2;3093;0;0;17421;3599.861244;lpstatus: 107;0.979598586
n100_m100000_d1_100_f1_1_s1.dat; NA ;5.5;6; CPIF ;NZ; nobenders ;4253531;0;52;0;2;451;0;0;8892;3599.864804;lpstatus: 107;0.999987775
n100_m100000_d1_100_f1_1_s5.dat; NA ;5.5;6; CPIF ;NZ; nobenders ;999661;999661;91484;91484;20;1550;0;0;6227;3599.857515;lpstatus: 107;0.908484976
n100_m1000_d1_100_f1_1_s1.dat; NA ;5.5;6; CPIF ;NT; nobenders ;543;543;214.458555;0;20;4271;78;0;993556;3600;lpstatus: 107;0.605048702
n100_m1000_d1_100_f1_1_s5.dat; NA ;5.5;6; CPIF ;NT; nobenders ;2990;2990;101.891773;0;20;11910;208;0;358299;3600;lpstatus: 107;0.965922484
n100_m5000_d1_100_f1_1_s1.dat; NA ;5.5;6; CPIF ;NT; nobenders ;3906;3906;1870.802974;0;20;4575;231;0;997670;3600;lpstatus: 107;0.521043785
n100_m5000_d1_100_f1_1_s5.dat; NA ;5.5;6; CPIF ;NT; nobenders ;16127;16127;1102.424923;0;20;11714;247;0;378208;3600;lpstatus: 107;0.931641042
n100_m10000_d1_100_f1_1_s1.dat; NA ;5.5;6; CPIF ;NT; nobenders ;7364;7364;4644.053013;0;20;5425;334;0;1161176;3599.655581;lpstatus: 107;0.369357277
n100_m10000_d1_100_f1_1_s5.dat; NA ;5.5;6; CPIF ;NT; nobenders ;32893;32893;1388.977567;0;20;12759;250;0;316227;3600;lpstatus: 107;0.957772852
n100_m50000_d1_100_f1_1_s1.dat; NA ;5.5;6; CPIF ;NT; nobenders ;40713;40713;19190.77993;0;20;5001;234;0;1022107;3600;lpstatus: 107;0.528632625
n100_m50000_d1_100_f1_1_s5.dat; NA ;5.5;6; CPIF ;NT; nobenders ;154085;154085;8890.002835;0;20;11517;236;0;349873;3600;lpstatus: 107;0.942304554
n100_m100000_d1_100_f1_1_s1.dat; NA ;5.5;6; CPIF ;NT; nobenders ;77635;77635;22442.1875;0;20;6042;176;0;756333;3600;lpstatus: 107;0.710926934
n100_m100000_d1_100_f1_1_s5.dat; NA ;5.5;6; CPIF ;NT; nobenders ;351590;351590;8242.651968;0;20;12433;285;0;315485;3600;lpstatus: 107;0.976556068
n100_m1000_d1_100_f1_1_s1.dat; NA ;3.4;6; CPIF ;SZ; nobenders ;29813;29813;29813;0;0;0;0;0;0;0.076489;lpstatus: 101;0
n100_m1000_d1_100_f1_1_s5.dat; NA ;3.4;6; CPIF ;SZ; nobenders ;43575;43575;43575;0;0;0;0;0;0;0.046058;lpstatus: 101;0
n100_m5000_d1_100_f1_1_s1.dat; NA ;3.4;6; CPIF ;SZ; nobenders ;145576;145576;145576;0;0;0;0;0;0;0.336406;lpstatus: 101;0
n100_m5000_d1_100_f1_1_s5.dat; NA ;3.4;6; CPIF ;SZ; nobenders ;208876;208876;208876;0;0;0;0;0;0;0.424559;lpstatus: 101;0
n100_m10000_d1_100_f1_1_s1.dat; NA ;3.4;6; CPIF ;SZ; nobenders ;294540;294540;294540;0;0;0;0;0;0;0.717288;lpstatus: 101;0
n100_m10000_d1_100_f1_1_s5.dat; NA ;3.4;6; CPIF ;SZ; nobenders ;422724;422724;422724;0;0;0;0;0;0;1.041961;lpstatus: 101;0
n100_m50000_d1_100_f1_1_s1.dat; NA ;3.4;6; CPIF ;SZ; nobenders ;1484139;1484139;1484139;0;0;0;0;0;0;19.24786;lpstatus: 101;0
n100_m50000_d1_100_f1_1_s5.dat; NA ;3.4;6; CPIF ;SZ; nobenders ;2114746;2114746;2114746;0;0;0;0;0;0;28.04458;lpstatus: 101;0
n100_m100000_d1_100_f1_1_s1.dat; NA ;3.4;6; CPIF ;SZ; nobenders ;2962951;2962951;2962951;0;0;0;0;0;0;100.924879;lpstatus: 101;0
n100_m100000_d1_100_f1_1_s5.dat; NA ;3.4;6; CPIF ;SZ; nobenders ;4241627;4241627;4241627;0;0;0;0;0;0;151.107223;lpstatus: 101;0
n100_m1000_d1_100_f1_1_s1.dat; NA ;3.4;6; CPIF ;MZ; nobenders ;29813;29813;29813;0;0;0;0;0;0;0.484986;lpstatus: 101;0
n100_m1000_d1_100_f1_1_s5.dat; NA ;3.4;6; CPIF ;MZ; nobenders ;43575;43575;43575;0;0;0;0;0;0;0.565961;lpstatus: 101;0
n100_m5000_d1_100_f1_1_s1.dat; NA ;3.4;6; CPIF ;MZ; nobenders ;145576;145576;145576;0;0;0;0;0;0;1.099373;lpstatus: 101;0
n100_m5000_d1_100_f1_1_s5.dat; NA ;3.4;6; CPIF ;MZ; nobenders ;208876;208876;208876;0;0;0;0;0;0;1.167387;lpstatus: 101;0
n100_m10000_d1_100_f1_1_s1.dat; NA ;3.4;6; CPIF ;MZ; nobenders ;294540;294540;294540;0;0;0;0;0;0;1.81962;lpstatus: 101;0
n100_m10000_d1_100_f1_1_s5.dat; NA ;3.4;6; CPIF ;MZ; nobenders ;422724;422724;422724;0;0;0;0;0;0;1.946483;lpstatus: 101;0
n100_m50000_d1_100_f1_1_s1.dat; NA ;3.4;6; CPIF ;MZ; nobenders ;1484139;1484139;1484139;0;0;0;0;0;0;19.836012;lpstatus: 101;0
n100_m50000_d1_100_f1_1_s5.dat; NA ;3.4;6; CPIF ;MZ; nobenders ;2114746;2114746;2114746;0;0;0;0;0;0;22.441526;lpstatus: 101;0
n100_m100000_d1_100_f1_1_s1.dat; NA ;3.4;6; CPIF ;MZ; nobenders ;2962951;2962951;2962951;0;0;0;0;0;0;75.861583;lpstatus: 101;0
n100_m100000_d1_100_f1_1_s5.dat; NA ;3.4;6; CPIF ;MZ; nobenders ;4241627;4241627;4241627;0;0;0;0;0;0;85.735803;lpstatus: 101;0
n100_m1000_d1_100_f1_1_s1.dat; NA ;3.4;6; CPIF ;NZ; nobenders ;29813;29813;29813;29813;14;20;0;0;0;0.008196;lpstatus: 101;0
n100_m1000_d1_100_f1_1_s5.dat; NA ;3.4;6; CPIF ;NZ; nobenders ;43575;43575;43575;43575;6;4;0;0;0;0.002373;lpstatus: 101;0
n100_m5000_d1_100_f1_1_s1.dat; NA ;3.4;6; CPIF ;NZ; nobenders ;145576;145576;145576;145576;15;20;0;0;0;0.0202;lpstatus: 101;0
n100_m5000_d1_100_f1_1_s5.dat; NA ;3.4;6; CPIF ;NZ; nobenders ;208876;208876;208876;208876;6;4;0;0;0;0.008012;lpstatus: 101;0
n100_m10000_d1_100_f1_1_s1.dat; NA ;3.4;6; CPIF ;NZ; nobenders ;294540;294540;294540;294540;16;27;0;0;0;0.040356;lpstatus: 101;0
n100_m10000_d1_100_f1_1_s5.dat; NA ;3.4;6; CPIF ;NZ; nobenders ;422724;422724;422724;422724;6;5;0;0;0;0.018302;lpstatus: 101;0
n100_m50000_d1_100_f1_1_s1.dat; NA ;3.4;6; CPIF ;NZ; nobenders ;1484139;1484139;1484139;1484139;16;27;0;0;0;0.375352;lpstatus: 101;0
n100_m50000_d1_100_f1_1_s5.dat; NA ;3.4;6; CPIF ;NZ; nobenders ;2114746;2114746;2114746;2114746;6;5;0;0;0;0.141056;lpstatus: 101;0
n100_m100000_d1_100_f1_1_s1.dat; NA ;3.4;6; CPIF ;NZ; nobenders ;2962951;2962951;2962951;2962951;16;27;0;0;0;0.915173;lpstatus: 101;0
n100_m100000_d1_100_f1_1_s5.dat; NA ;3.4;6; CPIF ;NZ; nobenders ;4241627;4241627;4241627;4241627;6;5;0;0;0;0.371444;lpstatus: 101;0
n100_m1000_d1_100_f1_1_s1.dat; NA ;3.4;6; CPIF ;NT; nobenders ;29813;29813;29813;0;16;11;3;0;0;0.00255;lpstatus: 101;0
n100_m1000_d1_100_f1_1_s5.dat; NA ;3.4;6; CPIF ;NT; nobenders ;43575;43575;43575;0;8;5;1;0;0;0.001812;lpstatus: 101;0
n100_m5000_d1_100_f1_1_s1.dat; NA ;3.4;6; CPIF ;NT; nobenders ;145576;145576;145576;0;15;5;2;0;0;0.00454;lpstatus: 101;0
n100_m5000_d1_100_f1_1_s5.dat; NA ;3.4;6; CPIF ;NT; nobenders ;208876;208876;208876;0;8;5;1;0;0;0.003829;lpstatus: 101;0
n100_m10000_d1_100_f1_1_s1.dat; NA ;3.4;6; CPIF ;NT; nobenders ;294540;294540;294540;0;15;10;2;0;0;0.007342;lpstatus: 101;0
n100_m10000_d1_100_f1_1_s5.dat; NA ;3.4;6; CPIF ;NT; nobenders ;422724;422724;422724;0;8;5;1;0;0;0.005246;lpstatus: 101;0
n100_m50000_d1_100_f1_1_s1.dat; NA ;3.4;6; CPIF ;NT; nobenders ;1484139;1484139;1484139;0;16;10;3;0;0;0.038135;lpstatus: 101;0
n100_m50000_d1_100_f1_1_s5.dat; NA ;3.4;6; CPIF ;NT; nobenders ;2114746;2114746;2114746;0;8;5;1;0;0;0.019216;lpstatus: 101;0
n100_m100000_d1_100_f1_1_s1.dat; NA ;3.4;6; CPIF ;NT; nobenders ;2962951;2962951;2962951;0;18;11;3;0;0;0.073879;lpstatus: 101;0
n100_m100000_d1_100_f1_1_s5.dat; NA ;3.4;6; CPIF ;NT; nobenders ;4241627;4241627;4241627;0;8;5;1;0;0;0.036959;lpstatus: 101;0
n100_m1000_d1_100_f1_1_s5.dat; NA ;5.5;4; CPIF ;NT; nobenders ;14361;14361;7016.888402;0;20;15042;791;0;222100;3600;lpstatus: 107;0.511392772
n100_m5000_d1_100_f1_1_s1.dat; NA ;5.5;4; CPIF ;NT; nobenders ;59301;59301;30984.79075;0;20;9511;1997;0;290780;3600;lpstatus: 107;0.477499692
n100_m50000_d1_100_f1_1_s1.dat; NA ;5.5;4; CPIF ;NT; nobenders ;615490;615490;306292.1728;0;20;10089;2164;0;284387;3600;lpstatus: 107;0.50236044
n100_m50000_d1_100_f1_1_s5.dat; NA ;5.5;4; CPIF ;NT; nobenders ;672561;672561;330036.9946;0;20;14933;1100;0;225713;3600;lpstatus: 107;0.509283181
n100_m100000_d1_100_f1_1_s1.dat; NA ;5.5;4; CPIF ;NT; nobenders ;0;0;0;0;0;0;0;0;0;3600;lpstatus: 108;1
n100_m1000_d1_100_f1_1_s1.dat; NA ;3.4;4; CPIF ;NTUser; nobenders ;34682;34682;34682;0;18;5;2;0;0;0.00338;lpstatus: 101;0
n100_m1000_d1_100_f1_1_s5.dat; NA ;3.4;4; CPIF ;NTUser; nobenders ;45372;45372;45372;0;8;5;1;0;0;0.003582;lpstatus: 101;0
n100_m5000_d1_100_f1_1_s1.dat; NA ;3.4;4; CPIF ;NTUser; nobenders ;174050;174050;174050;0;19;5;2;0;0;0.003583;lpstatus: 101;0
n100_m5000_d1_100_f1_1_s5.dat; NA ;3.4;4; CPIF ;NTUser; nobenders ;220414;220414;220414;0;8;5;1;0;0;0.00287;lpstatus: 101;0
n100_m10000_d1_100_f1_1_s1.dat; NA ;3.4;4; CPIF ;NTUser; nobenders ;354048;354048;354048;0;19;5;2;0;0;0.005645;lpstatus: 101;0
n100_m10000_d1_100_f1_1_s5.dat; NA ;3.4;4; CPIF ;NTUser; nobenders ;445795;445795;445795;0;8;5;1;0;0;0.004289;lpstatus: 101;0
n100_m50000_d1_100_f1_1_s1.dat; NA ;3.4;4; CPIF ;NTUser; nobenders ;1786276;1786276;1786276;0;19;5;2;0;0;0.020859;lpstatus: 101;0
n100_m50000_d1_100_f1_1_s5.dat; NA ;3.4;4; CPIF ;NTUser; nobenders ;2231812;2231812;2231812;0;8;5;1;0;0;0.013838;lpstatus: 101;0
n100_m100000_d1_100_f1_1_s1.dat; NA ;3.4;4; CPIF ;NTUser; nobenders ;3575217;3575217;3575217;0;19;5;2;0;0;0.040028;lpstatus: 101;0
n100_m100000_d1_100_f1_1_s5.dat; NA ;3.4;4; CPIF ;NTUser; nobenders ;4473082;4473082;4473082;0;8;5;1;0;0;0.025994;lpstatus: 101;0
n100_m1000_d1_100_f1_1_s1.dat; NA ;5.5;4; CPIF ;NTUser; nobenders ;9135;9135;5035.651299;0;20;7363;743;1;454254;2101.011343;lpstatus: 107;0.44875191
n100_m5000_d1_100_f1_1_s5.dat; NA ;5.5;4; CPIF ;NTUser; nobenders ;65763;65763;33548.90521;15263.94958;20;14498;751;9;240778;2076.222089;lpstatus: 107;0.489851357
n100_m10000_d1_100_f1_1_s1.dat; NA ;5.5;4; CPIF ;NTUser; nobenders ;116849;116849;65680.99422;0;20;9311;1983;7;308424;1892.862408;lpstatus: 107;0.437898534
n100_m10000_d1_100_f1_1_s5.dat; NA ;5.5;4; CPIF ;NTUser; nobenders ;131098;131098;65856.81846;0;20;13001;736;1;260672;2292.525967;lpstatus: 107;0.497651997
n100_m100000_d1_100_f1_1_s5.dat; NA ;5.5;4; CPIF ;NTUser; nobenders ;1329743;1329743;702899.0093;277594.6123;20;13671;960;8;233917;2297.498622;lpstatus: 107;0.471402362
n100_m1000_d1_100_f1_1_s1.dat; NA ;5.5;6; CPIF ;NTUser; nobenders ;543;543;214.336056;0;20;4271;78;0;992371;2077.26199;lpstatus: 107;0.605274298
n100_m1000_d1_100_f1_1_s5.dat; NA ;5.5;6; CPIF ;NTUser; nobenders ;2990;2990;103.406384;0;20;11910;208;0;359181;2641.333215;lpstatus: 107;0.965415925
n100_m5000_d1_100_f1_1_s1.dat; NA ;5.5;6; CPIF ;NTUser; nobenders ;4367;4367;750.596555;0;20;5440;167;1;796503;2392.03748;lpstatus: 107;0.82812078
n100_m5000_d1_100_f1_1_s5.dat; NA ;5.5;6; CPIF ;NTUser; nobenders ;15108;15108;1395.566396;0;20;11973;203;1;361761;2640.066156;lpstatus: 107;0.907627324
n100_m10000_d1_100_f1_1_s1.dat; NA ;5.5;6; CPIF ;NTUser; nobenders ;7122;7122;2158.815197;0;20;4866;139;1;952217;2187.551356;lpstatus: 107;0.696880764
n100_m10000_d1_100_f1_1_s5.dat; NA ;5.5;6; CPIF ;NTUser; nobenders ;32893;32893;1384.978883;0;20;12759;250;0;316003;2497.303088;lpstatus: 107;0.957894419
n100_m50000_d1_100_f1_1_s1.dat; NA ;5.5;6; CPIF ;NTUser; nobenders ;40079;40079;19395.96645;0;20;5865;250;1;870121;2771.979959;lpstatus: 107;0.516056627
n100_m50000_d1_100_f1_1_s5.dat; NA ;5.5;6; CPIF ;NTUser; nobenders ;162459;162459;12433.80754;0;20;11824;262;2;353813;2606.883461;lpstatus: 107;0.923464951
n100_m100000_d1_100_f1_1_s1.dat; NA ;5.5;6; CPIF ;NTUser; nobenders ;77635;77635;22283.18735;0;20;6042;176;0;752063;2614.86067;lpstatus: 107;0.712974981
n100_m100000_d1_100_f1_1_s5.dat; NA ;5.5;6; CPIF ;NTUser; nobenders ;316135;316135;51172.2085;0;20;11692;304;1;363267;2722.346326;lpstatus: 107;0.838131784
n100_m1000_d1_100_f1_1_s1.dat; NA ;3.4;6; CPIF ;NTUser; nobenders ;29813;29813;29813;0;16;11;3;0;0;0.019147;lpstatus: 101;0
n100_m1000_d1_100_f1_1_s5.dat; NA ;3.4;6; CPIF ;NTUser; nobenders ;43575;43575;43575;0;8;5;1;0;0;0.0047;lpstatus: 101;0
n100_m5000_d1_100_f1_1_s1.dat; NA ;3.4;6; CPIF ;NTUser; nobenders ;145576;145576;145576;0;15;5;2;0;0;0.004544;lpstatus: 101;0
n100_m5000_d1_100_f1_1_s5.dat; NA ;3.4;6; CPIF ;NTUser; nobenders ;208876;208876;208876;0;8;5;1;0;0;0.003305;lpstatus: 101;0
n100_m10000_d1_100_f1_1_s1.dat; NA ;3.4;6; CPIF ;NTUser; nobenders ;294540;294540;294540;0;15;10;2;0;0;0.007257;lpstatus: 101;0
n100_m10000_d1_100_f1_1_s5.dat; NA ;3.4;6; CPIF ;NTUser; nobenders ;422724;422724;422724;0;8;5;1;0;0;0.005007;lpstatus: 101;0
n100_m50000_d1_100_f1_1_s1.dat; NA ;3.4;6; CPIF ;NTUser; nobenders ;1484139;1484139;1484139;0;16;10;3;0;0;0.038267;lpstatus: 101;0
n100_m50000_d1_100_f1_1_s5.dat; NA ;3.4;6; CPIF ;NTUser; nobenders ;2114746;2114746;2114746;0;8;5;1;0;0;0.020533;lpstatus: 101;0
n100_m100000_d1_100_f1_1_s1.dat; NA ;3.4;6; CPIF ;NTUser; nobenders ;2962951;2962951;2962951;0;18;11;3;0;0;0.074451;lpstatus: 101;0
n100_m100000_d1_100_f1_1_s5.dat; NA ;3.4;6; CPIF ;NTUser; nobenders ;4241627;4241627;4241627;0;8;5;1;0;0;0.038622;lpstatus: 101;0
n100_m1000_d1_100_f1_1_s5.dat; NA ;5.5;4; CPIF ;NTUser; nobenders ;13868;13868;7429.270862;0;20;14340;873;2;242170;2295.966875;lpstatus: 107;0.464286785
n100_m5000_d1_100_f1_1_s1.dat; NA ;5.5;4; CPIF ;NTUser; nobenders ;58030;58030;31352.18203;2167.607041;20;8084;2320;7;318720;2163.565923;lpstatus: 107;0.45972459
n100_m50000_d1_100_f1_1_s1.dat; NA ;5.5;4; CPIF ;NTUser; nobenders ;601702;601702;308749.031;7103.373174;20;9033;2031;8;296888;1756.917574;lpstatus: 107;0.48687385
n100_m50000_d1_100_f1_1_s5.dat; NA ;5.5;4; CPIF ;NTUser; nobenders ;687365;687365;333274.6493;0;20;16588;943;3;221963;2377.981342;lpstatus: 107;0.515141665
n100_m100000_d1_100_f1_1_s1.dat; NA ;5.5;4; CPIF ;NTUser; nobenders ;1211934;1211934;600155.3727;105954.9919;20;9606;1944;8;293770;1922.691271;lpstatus: 107;0.504795333
PSCLP_INSTANCES/GRID_PSCLP_n100_m1000_d1_100_f10_100_s1.dat; NA ;5.5;4; CPIF ;SZ; nobenders ;344;344;344;0;0;0;0;0;0;0.063898; lpstatus: 101;0
PSCLP_INSTANCES/GRID_PSCLP_n100_m1000_d1_100_f10_100_s5.dat; NA ;5.5;4; CPIF ;SZ; nobenders ;3058;3058;3058;0;0;0;0;0;0;0.036562; lpstatus: 101;0
PSCLP_INSTANCES/GRID_PSCLP_n100_m5000_d1_100_f10_100_s1.dat; NA ;5.5;4; CPIF ;SZ; nobenders ;2186;2186;2186;0;0;0;0;0;0;0.108327; lpstatus: 101;0
PSCLP_INSTANCES/GRID_PSCLP_n100_m5000_d1_100_f10_100_s5.dat; NA ;5.5;4; CPIF ;SZ; nobenders ;12567;12567;12567;0;0;0;0;0;0;0.121887; lpstatus: 101;0
PSCLP_INSTANCES/GRID_PSCLP_n100_m10000_d1_100_f10_100_s1.dat; NA ;5.5;4; CPIF ;SZ; nobenders ;4831;4831;4831;0;0;0;0;0;0;0.214204; lpstatus: 101;0
PSCLP_INSTANCES/GRID_PSCLP_n100_m10000_d1_100_f10_100_s5.dat; NA ;5.5;4; CPIF ;SZ; nobenders ;24604;24604;24604;0;0;0;0;0;0;0.181694; lpstatus: 101;0
PSCLP_INSTANCES/GRID_PSCLP_n100_m50000_d1_100_f10_100_s1.dat; NA ;5.5;4; CPIF ;SZ; nobenders ;24088;24088;24088;0;0;0;0;0;0;2.656273; lpstatus: 101;0
PSCLP_INSTANCES/GRID_PSCLP_n100_m50000_d1_100_f10_100_s5.dat; NA ;5.5;4; CPIF ;SZ; nobenders ;118393;118393;118393;0;0;0;0;0;0;2.607016; lpstatus: 101;0
PSCLP_INSTANCES/GRID_PSCLP_n100_m100000_d1_100_f10_100_s1.dat; NA ;5.5;4; CPIF ;SZ; nobenders ;47978;47978;47978;0;0;0;0;0;0;3.764762; lpstatus: 101;0
PSCLP_INSTANCES/GRID_PSCLP_n100_m100000_d1_100_f10_100_s5.dat; NA ;5.5;4; CPIF ;SZ; nobenders ;235567;235567;235567;0;0;0;0;0;0;4.745507; lpstatus: 101;0
PSCLP_INSTANCES/GRID_PSCLP_n100_m1000_d1_100_f10_100_s1.dat; NA ;5.5;6; CPIF ;SZ; nobenders ;0;0;0;0;0;0;0;0;0;0.050131; lpstatus: 101;0
PSCLP_INSTANCES/GRID_PSCLP_n100_m1000_d1_100_f10_100_s5.dat; NA ;5.5;6; CPIF ;SZ; nobenders ;779;779;779;0;0;0;0;0;0;0.039151; lpstatus: 101;0
PSCLP_INSTANCES/GRID_PSCLP_n100_m5000_d1_100_f10_100_s1.dat; NA ;5.5;6; CPIF ;SZ; nobenders ;0;0;0;0;0;0;0;0;0;0.099542; lpstatus: 101;0
PSCLP_INSTANCES/GRID_PSCLP_n100_m5000_d1_100_f10_100_s5.dat; NA ;5.5;6; CPIF ;SZ; nobenders ;4179;4179;4179;0;0;0;0;0;0;0.108864; lpstatus: 101;0
PSCLP_INSTANCES/GRID_PSCLP_n100_m10000_d1_100_f10_100_s1.dat; NA ;5.5;6; CPIF ;SZ; nobenders ;0;0;0;0;0;0;0;0;0;1.363972; lpstatus: 101;0
PSCLP_INSTANCES/GRID_PSCLP_n100_m10000_d1_100_f10_100_s5.dat; NA ;5.5;6; CPIF ;SZ; nobenders ;9779;9779;9779;0;0;0;0;0;0;2.966993; lpstatus: 101;0
PSCLP_INSTANCES/GRID_PSCLP_n100_m50000_d1_100_f10_100_s1.dat; NA ;5.5;6; CPIF ;SZ; nobenders ;0;0;0;0;0;0;0;0;0;12.658813; lpstatus: 101;0
PSCLP_INSTANCES/GRID_PSCLP_n100_m50000_d1_100_f10_100_s5.dat; NA ;5.5;6; CPIF ;SZ; nobenders ;46698;46698;46698;0;0;0;0;0;0;15.211876; lpstatus: 101;0
PSCLP_INSTANCES/GRID_PSCLP_n100_m100000_d1_100_f10_100_s1.dat; NA ;5.5;6; CPIF ;SZ; nobenders ;0;0;0;0;0;0;0;0;0;31.012203; lpstatus: 101;0
PSCLP_INSTANCES/GRID_PSCLP_n100_m100000_d1_100_f10_100_s5.dat; NA ;5.5;6; CPIF ;SZ; nobenders ;91484;91484;91484;0;0;0;0;0;0;15.19978; lpstatus: 101;0
PSCLP_INSTANCES/GRID_PSCLP_n100_m1000_d1_100_f10_100_s1.dat; NA ;3.4;4; CPIF ;SZ; nobenders ;34682;34682;34682;0;0;0;0;0;0;0.034382; lpstatus: 101;0
PSCLP_INSTANCES/GRID_PSCLP_n100_m1000_d1_100_f10_100_s5.dat; NA ;3.4;4; CPIF ;SZ; nobenders ;45372;45372;45372;0;0;0;0;0;0;0.031347; lpstatus: 101;0
PSCLP_INSTANCES/GRID_PSCLP_n100_m5000_d1_100_f10_100_s1.dat; NA ;3.4;4; CPIF ;SZ; nobenders ;174050;174050;174050;0;0;0;0;0;0;0.232281; lpstatus: 101;0
PSCLP_INSTANCES/GRID_PSCLP_n100_m5000_d1_100_f10_100_s5.dat; NA ;3.4;4; CPIF ;SZ; nobenders ;220414;220414;220414;0;0;0;0;0;0;0.25986; lpstatus: 101;0
PSCLP_INSTANCES/GRID_PSCLP_n100_m10000_d1_100_f10_100_s1.dat; NA ;3.4;4; CPIF ;SZ; nobenders ;354048;354048;354048;0;0;0;0;0;0;0.421819; lpstatus: 101;0
PSCLP_INSTANCES/GRID_PSCLP_n100_m10000_d1_100_f10_100_s5.dat; NA ;3.4;4; CPIF ;SZ; nobenders ;445795;445795;445795;0;0;0;0;0;0;0.488344; lpstatus: 101;0
PSCLP_INSTANCES/GRID_PSCLP_n100_m50000_d1_100_f10_100_s1.dat; NA ;3.4;4; CPIF ;SZ; nobenders ;1786276;1786276;1786276;0;0;0;0;0;0;8.119524; lpstatus: 101;0
PSCLP_INSTANCES/GRID_PSCLP_n100_m50000_d1_100_f10_100_s5.dat; NA ;3.4;4; CPIF ;SZ; nobenders ;2231812;2231812;2231812;0;0;0;0;0;0;10.319574; lpstatus: 101;0
PSCLP_INSTANCES/GRID_PSCLP_n100_m100000_d1_100_f10_100_s1.dat; NA ;3.4;4; CPIF ;SZ; nobenders ;3575217;3575217;3575217;0;0;0;0;0;0;50.294836; lpstatus: 101;0
PSCLP_INSTANCES/GRID_PSCLP_n100_m100000_d1_100_f10_100_s5.dat; NA ;3.4;4; CPIF ;SZ; nobenders ;4473082;4473082;4473082;0;0;0;0;0;0;54.497789; lpstatus: 101;0
PSCLP_INSTANCES/GRID_PSCLP_n100_m1000_d1_100_f10_100_s1.dat; NA ;3.4;6; CPIF ;SZ; nobenders ;29813;29813;29813;0;0;0;0;0;0;0.040605; lpstatus: 101;0
PSCLP_INSTANCES/GRID_PSCLP_n100_m1000_d1_100_f10_100_s5.dat; NA ;3.4;6; CPIF ;SZ; nobenders ;43575;43575;43575;0;0;0;0;0;0;0.045977; lpstatus: 101;0
PSCLP_INSTANCES/GRID_PSCLP_n100_m5000_d1_100_f10_100_s1.dat; NA ;3.4;6; CPIF ;SZ; nobenders ;145576;145576;145576;0;0;0;0;0;0;0.328895; lpstatus: 101;0
PSCLP_INSTANCES/GRID_PSCLP_n100_m5000_d1_100_f10_100_s5.dat; NA ;3.4;6; CPIF ;SZ; nobenders ;208876;208876;208876;0;0;0;0;0;0;0.396588; lpstatus: 101;0
PSCLP_INSTANCES/GRID_PSCLP_n100_m10000_d1_100_f10_100_s1.dat; NA ;3.4;6; CPIF ;SZ; nobenders ;294540;294540;294540;0;0;0;0;0;0;0.697857; lpstatus: 101;0
PSCLP_INSTANCES/GRID_PSCLP_n100_m10000_d1_100_f10_100_s5.dat; NA ;3.4;6; CPIF ;SZ; nobenders ;422724;422724;422724;0;0;0;0;0;0;1.054237; lpstatus: 101;0
PSCLP_INSTANCES/GRID_PSCLP_n100_m50000_d1_100_f10_100_s1.dat; NA ;3.4;6; CPIF ;SZ; nobenders ;1484139;1484139;1484139;0;0;0;0;0;0;20.195025; lpstatus: 101;0
PSCLP_INSTANCES/GRID_PSCLP_n100_m50000_d1_100_f10_100_s5.dat; NA ;3.4;6; CPIF ;SZ; nobenders ;2114746;2114746;2114746;0;0;0;0;0;0;27.936164; lpstatus: 101;0
PSCLP_INSTANCES/GRID_PSCLP_n100_m100000_d1_100_f10_100_s1.dat; NA ;3.4;6; CPIF ;SZ; nobenders ;2962951;2962951;2962951;0;0;0;0;0;0;100.830719; lpstatus: 101;0
PSCLP_INSTANCES/GRID_PSCLP_n100_m100000_d1_100_f10_100_s5.dat; NA ;3.4;6; CPIF ;SZ; nobenders ;4241627;4241627;4241627;0;0;0;0;0;0;140.650068; lpstatus: 101;0
PSCLP_INSTANCES/GRID_PSCLP_n100_m1000_d1_100_f10_100_s1.dat; NA ;5.5;4; CPIF ;MZ; nobenders ;344;344;344;0;0;0;0;0;0;32.232243; lpstatus: 101;0
PSCLP_INSTANCES/GRID_PSCLP_n100_m1000_d1_100_f10_100_s5.dat; NA ;5.5;4; CPIF ;MZ; nobenders ;3058;3058;3058;0;0;0;0;0;0;58.772614; lpstatus: 101;0
PSCLP_INSTANCES/GRID_PSCLP_n100_m5000_d1_100_f10_100_s1.dat; NA ;5.5;4; CPIF ;MZ; nobenders ;2186;2186;2186;0;0;0;0;0;0;39.913348; lpstatus: 101;0
PSCLP_INSTANCES/GRID_PSCLP_n100_m5000_d1_100_f10_100_s5.dat; NA ;5.5;4; CPIF ;MZ; nobenders ;12567;12567;12567;0;0;0;0;0;0;36.884505; lpstatus: 101;0
PSCLP_INSTANCES/GRID_PSCLP_n100_m10000_d1_100_f10_100_s1.dat; NA ;5.5;4; CPIF ;MZ; nobenders ;4831;4831;4831;0;0;0;0;0;0;37.045643; lpstatus: 101;0
PSCLP_INSTANCES/GRID_PSCLP_n100_m10000_d1_100_f10_100_s5.dat; NA ;5.5;4; CPIF ;MZ; nobenders ;24604;24604;24604;0;0;0;0;0;0;65.159977; lpstatus: 101;0
PSCLP_INSTANCES/GRID_PSCLP_n100_m50000_d1_100_f10_100_s1.dat; NA ;5.5;4; CPIF ;MZ; nobenders ;24088;24088;24088;0;0;0;0;0;0;46.497277; lpstatus: 101;0
PSCLP_INSTANCES/GRID_PSCLP_n100_m50000_d1_100_f10_100_s5.dat; NA ;5.5;4; CPIF ;MZ; nobenders ;118393;118393;118393;0;0;0;0;0;0;40.879376; lpstatus: 101;0
PSCLP_INSTANCES/GRID_PSCLP_n100_m100000_d1_100_f10_100_s1.dat; NA ;5.5;4; CPIF ;MZ; nobenders ;47978;47978;47978;0;0;0;0;0;0;49.548916; lpstatus: 101;0
PSCLP_INSTANCES/GRID_PSCLP_n100_m100000_d1_100_f10_100_s5.dat; NA ;5.5;4; CPIF ;MZ; nobenders ;235567;235567;235567;0;0;0;0;0;0;57.249342; lpstatus: 101;0
PSCLP_INSTANCES/GRID_PSCLP_n100_m1000_d1_100_f10_100_s1.dat; NA ;5.5;6; CPIF ;MZ; nobenders ;0;0;0;0;0;0;0;0;0;83.859701; lpstatus: 101;0
PSCLP_INSTANCES/GRID_PSCLP_n100_m1000_d1_100_f10_100_s5.dat; NA ;5.5;6; CPIF ;MZ; nobenders ;779;779;779;0;0;0;0;0;0;103.824249; lpstatus: 101;0
PSCLP_INSTANCES/GRID_PSCLP_n100_m5000_d1_100_f10_100_s1.dat; NA ;5.5;6; CPIF ;MZ; nobenders ;0;0;0;0;0;0;0;0;0;70.764218; lpstatus: 101;0
PSCLP_INSTANCES/GRID_PSCLP_n100_m5000_d1_100_f10_100_s5.dat; NA ;5.5;6; CPIF ;MZ; nobenders ;4179;4179;4179;0;0;0;0;0;0;105.907164; lpstatus: 101;0
PSCLP_INSTANCES/GRID_PSCLP_n100_m10000_d1_100_f10_100_s1.dat; NA ;5.5;6; CPIF ;MZ; nobenders ;0;0;0;0;0;0;0;0;0;85.181288; lpstatus: 101;0
PSCLP_INSTANCES/GRID_PSCLP_n100_m10000_d1_100_f10_100_s5.dat; NA ;5.5;6; CPIF ;MZ; nobenders ;9779;9779;9779;0;0;0;0;0;0;111.386939; lpstatus: 101;0
PSCLP_INSTANCES/GRID_PSCLP_n100_m50000_d1_100_f10_100_s1.dat; NA ;5.5;6; CPIF ;MZ; nobenders ;0;0;0;0;0;0;0;0;0;101.471337; lpstatus: 101;0
PSCLP_INSTANCES/GRID_PSCLP_n100_m50000_d1_100_f10_100_s5.dat; NA ;5.5;6; CPIF ;MZ; nobenders ;46698;46698;46698;0;0;0;0;0;0;140.826034; lpstatus: 101;0
PSCLP_INSTANCES/GRID_PSCLP_n100_m100000_d1_100_f10_100_s1.dat; NA ;5.5;6; CPIF ;MZ; nobenders ;0;0;0;0;0;0;0;0;0;230.17737; lpstatus: 101;0
PSCLP_INSTANCES/GRID_PSCLP_n100_m100000_d1_100_f10_100_s5.dat; NA ;5.5;6; CPIF ;MZ; nobenders ;91484;91484;91484;0;0;0;0;0;0;207.838075; lpstatus: 101;0
PSCLP_INSTANCES/GRID_PSCLP_n100_m1000_d1_100_f10_100_s1.dat; NA ;3.4;4; CPIF ;MZ; nobenders ;34682;34682;34682;0;0;0;0;0;0;0.46307; lpstatus: 101;0
PSCLP_INSTANCES/GRID_PSCLP_n100_m1000_d1_100_f10_100_s5.dat; NA ;3.4;4; CPIF ;MZ; nobenders ;45372;45372;45372;0;0;0;0;0;0;0.503466; lpstatus: 101;0
PSCLP_INSTANCES/GRID_PSCLP_n100_m5000_d1_100_f10_100_s1.dat; NA ;3.4;4; CPIF ;MZ; nobenders ;174050;174050;174050;0;0;0;0;0;0;0.80387; lpstatus: 101;0
PSCLP_INSTANCES/GRID_PSCLP_n100_m5000_d1_100_f10_100_s5.dat; NA ;3.4;4; CPIF ;MZ; nobenders ;220414;220414;220414;0;0;0;0;0;0;0.896618; lpstatus: 101;0
PSCLP_INSTANCES/GRID_PSCLP_n100_m10000_d1_100_f10_100_s1.dat; NA ;3.4;4; CPIF ;MZ; nobenders ;354048;354048;354048;0;0;0;0;0;0;1.144531; lpstatus: 101;0
PSCLP_INSTANCES/GRID_PSCLP_n100_m10000_d1_100_f10_100_s5.dat; NA ;3.4;4; CPIF ;MZ; nobenders ;445795;445795;445795;0;0;0;0;0;0;1.44015; lpstatus: 101;0
PSCLP_INSTANCES/GRID_PSCLP_n100_m50000_d1_100_f10_100_s1.dat; NA ;3.4;4; CPIF ;MZ; nobenders ;1786276;1786276;1786276;0;0;0;0;0;0;13.444626; lpstatus: 101;0
PSCLP_INSTANCES/GRID_PSCLP_n100_m50000_d1_100_f10_100_s5.dat; NA ;3.4;4; CPIF ;MZ; nobenders ;2231812;2231812;2231812;0;0;0;0;0;0;14.159746; lpstatus: 101;0
PSCLP_INSTANCES/GRID_PSCLP_n100_m100000_d1_100_f10_100_s1.dat; NA ;3.4;4; CPIF ;MZ; nobenders ;3575217;3575217;3575217;0;0;0;0;0;0;41.377337; lpstatus: 101;0
PSCLP_INSTANCES/GRID_PSCLP_n100_m100000_d1_100_f10_100_s5.dat; NA ;3.4;4; CPIF ;MZ; nobenders ;4473082;4473082;4473082;0;0;0;0;0;0;48.668891; lpstatus: 101;0
PSCLP_INSTANCES/GRID_PSCLP_n100_m1000_d1_100_f10_100_s1.dat; NA ;3.4;6; CPIF ;MZ; nobenders ;29813;29813;29813;0;0;0;0;0;0;0.492535; lpstatus: 101;0
PSCLP_INSTANCES/GRID_PSCLP_n100_m1000_d1_100_f10_100_s5.dat; NA ;3.4;6; CPIF ;MZ; nobenders ;43575;43575;43575;0;0;0;0;0;0;0.552784; lpstatus: 101;0
PSCLP_INSTANCES/GRID_PSCLP_n100_m5000_d1_100_f10_100_s1.dat; NA ;3.4;6; CPIF ;MZ; nobenders ;145576;145576;145576;0;0;0;0;0;0;0.995842; lpstatus: 101;0
PSCLP_INSTANCES/GRID_PSCLP_n100_m5000_d1_100_f10_100_s5.dat; NA ;3.4;6; CPIF ;MZ; nobenders ;208876;208876;208876;0;0;0;0;0;0;1.201179; lpstatus: 101;0
PSCLP_INSTANCES/GRID_PSCLP_n100_m10000_d1_100_f10_100_s1.dat; NA ;3.4;6; CPIF ;MZ; nobenders ;294540;294540;294540;0;0;0;0;0;0;1.971881; lpstatus: 101;0
PSCLP_INSTANCES/GRID_PSCLP_n100_m10000_d1_100_f10_100_s5.dat; NA ;3.4;6; CPIF ;MZ; nobenders ;422724;422724;422724;0;0;0;0;0;0;1.96067; lpstatus: 101;0
PSCLP_INSTANCES/GRID_PSCLP_n100_m50000_d1_100_f10_100_s1.dat; NA ;3.4;6; CPIF ;MZ; nobenders ;1484139;1484139;1484139;0;0;0;0;0;0;12.936771; lpstatus: 101;0
PSCLP_INSTANCES/GRID_PSCLP_n100_m50000_d1_100_f10_100_s5.dat; NA ;3.4;6; CPIF ;MZ; nobenders ;2114746;2114746;2114746;0;0;0;0;0;0;22.215183; lpstatus: 101;0
PSCLP_INSTANCES/GRID_PSCLP_n100_m100000_d1_100_f10_100_s1.dat; NA ;3.4;6; CPIF ;MZ; nobenders ;2962951;2962951;2962951;0;0;0;0;0;0;66.050184; lpstatus: 101;0
PSCLP_INSTANCES/GRID_PSCLP_n100_m100000_d1_100_f10_100_s5.dat; NA ;3.4;6; CPIF ;MZ; nobenders ;4241627;4241627;4241627;0;0;0;0;0;0;83.757575; lpstatus: 101;0
PSCLP_INSTANCES/GRID_PSCLP_n100_m1000_d1_100_f10_100_s1.dat; NA ;5.5;4; CPIF ;NZ; nobenders ;344;344;344;344;44;111;0;0;0;0.014768; lpstatus: 101;0
PSCLP_INSTANCES/GRID_PSCLP_n100_m1000_d1_100_f10_100_s5.dat; NA ;5.5;4; CPIF ;NZ; nobenders ;3058;3058;3058;3058;43;478;0;0;0;0.027027; lpstatus: 101;0
PSCLP_INSTANCES/GRID_PSCLP_n100_m5000_d1_100_f10_100_s1.dat; NA ;5.5;4; CPIF ;NZ; nobenders ;2186;2186;2186;2186;42;42;0;0;0;0.0389; lpstatus: 101;0
PSCLP_INSTANCES/GRID_PSCLP_n100_m5000_d1_100_f10_100_s5.dat; NA ;5.5;4; CPIF ;NZ; nobenders ;12567;12567;12567;12567;40;61;0;0;0;0.032896; lpstatus: 101;0
PSCLP_INSTANCES/GRID_PSCLP_n100_m10000_d1_100_f10_100_s1.dat; NA ;5.5;4; CPIF ;NZ; nobenders ;4831;4831;4831;4831;42;42;0;0;0;0.082696; lpstatus: 101;0
PSCLP_INSTANCES/GRID_PSCLP_n100_m10000_d1_100_f10_100_s5.dat; NA ;5.5;4; CPIF ;NZ; nobenders ;24604;24604;24604;24604;41;72;0;0;0;0.07544; lpstatus: 101;0
PSCLP_INSTANCES/GRID_PSCLP_n100_m50000_d1_100_f10_100_s1.dat; NA ;5.5;4; CPIF ;NZ; nobenders ;24088;24088;24088;24088;42;1;0;0;0;0.485311; lpstatus: 101;0
PSCLP_INSTANCES/GRID_PSCLP_n100_m50000_d1_100_f10_100_s5.dat; NA ;5.5;4; CPIF ;NZ; nobenders ;118393;118393;118393;118393;43;20;0;0;0;0.51568; lpstatus: 101;0
PSCLP_INSTANCES/GRID_PSCLP_n100_m100000_d1_100_f10_100_s1.dat; NA ;5.5;4; CPIF ;NZ; nobenders ;47978;47978;47978;47978;42;5;0;0;0;1.305504; lpstatus: 101;0
PSCLP_INSTANCES/GRID_PSCLP_n100_m100000_d1_100_f10_100_s5.dat; NA ;5.5;4; CPIF ;NZ; nobenders ;235567;235567;235567;235567;43;1;0;0;0;1.271681; lpstatus: 101;0
PSCLP_INSTANCES/GRID_PSCLP_n100_m1000_d1_100_f10_100_s1.dat; NA ;5.5;6; CPIF ;NZ; nobenders ;0;0;0;0;32;235;0;0;0;0.034549; lpstatus: 101;0
PSCLP_INSTANCES/GRID_PSCLP_n100_m1000_d1_100_f10_100_s5.dat; NA ;5.5;6; CPIF ;NZ; nobenders ;779;779;779;779;35;1088;0;0;0;0.060448; lpstatus: 101;0
PSCLP_INSTANCES/GRID_PSCLP_n100_m5000_d1_100_f10_100_s1.dat; NA ;5.5;6; CPIF ;NZ; nobenders ;0;0;0;0;32;288;0;0;0;0.204138; lpstatus: 101;0
PSCLP_INSTANCES/GRID_PSCLP_n100_m5000_d1_100_f10_100_s5.dat; NA ;5.5;6; CPIF ;NZ; nobenders ;4179;4179;4179;4179;33;335;0;0;0;0.103625; lpstatus: 101;0
PSCLP_INSTANCES/GRID_PSCLP_n100_m10000_d1_100_f10_100_s1.dat; NA ;5.5;6; CPIF ;NZ; nobenders ;0;0;0;0;31;166;0;0;0;0.164713; lpstatus: 101;0
PSCLP_INSTANCES/GRID_PSCLP_n100_m10000_d1_100_f10_100_s5.dat; NA ;5.5;6; CPIF ;NZ; nobenders ;9779;9779;9779;9779;33;701;0;0;0;0.347126; lpstatus: 101;0
PSCLP_INSTANCES/GRID_PSCLP_n100_m50000_d1_100_f10_100_s1.dat; NA ;5.5;6; CPIF ;NZ; nobenders ;0;0;0;0;33;318;0;0;0;2.025916; lpstatus: 101;0
PSCLP_INSTANCES/GRID_PSCLP_n100_m50000_d1_100_f10_100_s5.dat; NA ;5.5;6; CPIF ;NZ; nobenders ;46698;46698;46698;46698;98;283;0;0;0;1.887177; lpstatus: 101;0
PSCLP_INSTANCES/GRID_PSCLP_n100_m100000_d1_100_f10_100_s1.dat; NA ;5.5;6; CPIF ;NZ; nobenders ;0;0;0;0;31;309;0;0;0;4.251561; lpstatus: 101;0
PSCLP_INSTANCES/GRID_PSCLP_n100_m100000_d1_100_f10_100_s5.dat; NA ;5.5;6; CPIF ;NZ; nobenders ;91484;91484;91484;91484;32;628;0;0;0;6.520316; lpstatus: 101;0
PSCLP_INSTANCES/GRID_PSCLP_n100_m1000_d1_100_f10_100_s1.dat; NA ;3.4;4; CPIF ;NZ; nobenders ;34682;34682;34682;34682;16;21;0;0;0;0.005177; lpstatus: 101;0
PSCLP_INSTANCES/GRID_PSCLP_n100_m1000_d1_100_f10_100_s5.dat; NA ;3.4;4; CPIF ;NZ; nobenders ;45372;45372;45372;45372;8;7;0;0;0;0.002436; lpstatus: 101;0
PSCLP_INSTANCES/GRID_PSCLP_n100_m5000_d1_100_f10_100_s1.dat; NA ;3.4;4; CPIF ;NZ; nobenders ;174050;174050;174050;174050;15;26;0;0;0;0.013649; lpstatus: 101;0
PSCLP_INSTANCES/GRID_PSCLP_n100_m5000_d1_100_f10_100_s5.dat; NA ;3.4;4; CPIF ;NZ; nobenders ;220414;220414;220414;220414;8;8;0;0;0;0.0072; lpstatus: 101;0
PSCLP_INSTANCES/GRID_PSCLP_n100_m10000_d1_100_f10_100_s1.dat; NA ;3.4;4; CPIF ;NZ; nobenders ;354048;354048;354048;354048;16;18;0;0;0;0.02721; lpstatus: 101;0
PSCLP_INSTANCES/GRID_PSCLP_n100_m10000_d1_100_f10_100_s5.dat; NA ;3.4;4; CPIF ;NZ; nobenders ;445795;445795;445795;445795;8;11;0;0;0;0.013925; lpstatus: 101;0
PSCLP_INSTANCES/GRID_PSCLP_n100_m50000_d1_100_f10_100_s1.dat; NA ;3.4;4; CPIF ;NZ; nobenders ;1786276;1786276;1786276;1786276;17;27;0;0;0;0.261366; lpstatus: 101;0
PSCLP_INSTANCES/GRID_PSCLP_n100_m50000_d1_100_f10_100_s5.dat; NA ;3.4;4; CPIF ;NZ; nobenders ;2231812;2231812;2231812;2231812;8;9;0;0;0;0.102429; lpstatus: 101;0
PSCLP_INSTANCES/GRID_PSCLP_n100_m100000_d1_100_f10_100_s1.dat; NA ;3.4;4; CPIF ;NZ; nobenders ;3575217;3575217;3575217;3575217;17;27;0;0;0;0.693221; lpstatus: 101;0
PSCLP_INSTANCES/GRID_PSCLP_n100_m100000_d1_100_f10_100_s5.dat; NA ;3.4;4; CPIF ;NZ; nobenders ;4473082;4473082;4473082;4473082;8;9;0;0;0;0.242607; lpstatus: 101;0
PSCLP_INSTANCES/GRID_PSCLP_n100_m1000_d1_100_f10_100_s1.dat; NA ;3.4;6; CPIF ;NZ; nobenders ;29813;29813;29813;29813;14;20;0;0;0;0.006131; lpstatus: 101;0
PSCLP_INSTANCES/GRID_PSCLP_n100_m1000_d1_100_f10_100_s5.dat; NA ;3.4;6; CPIF ;NZ; nobenders ;43575;43575;43575;43575;6;4;0;0;0;0.002575; lpstatus: 101;0
PSCLP_INSTANCES/GRID_PSCLP_n100_m5000_d1_100_f10_100_s1.dat; NA ;3.4;6; CPIF ;NZ; nobenders ;145576;145576;145576;145576;15;20;0;0;0;0.018847; lpstatus: 101;0
PSCLP_INSTANCES/GRID_PSCLP_n100_m5000_d1_100_f10_100_s5.dat; NA ;3.4;6; CPIF ;NZ; nobenders ;208876;208876;208876;208876;6;4;0;0;0;0.007445; lpstatus: 101;0
PSCLP_INSTANCES/GRID_PSCLP_n100_m10000_d1_100_f10_100_s1.dat; NA ;3.4;6; CPIF ;NZ; nobenders ;294540;294540;294540;294540;16;27;0;0;0;0.039434; lpstatus: 101;0
PSCLP_INSTANCES/GRID_PSCLP_n100_m10000_d1_100_f10_100_s5.dat; NA ;3.4;6; CPIF ;NZ; nobenders ;422724;422724;422724;422724;6;5;0;0;0;0.015926; lpstatus: 101;0
PSCLP_INSTANCES/GRID_PSCLP_n100_m50000_d1_100_f10_100_s1.dat; NA ;3.4;6; CPIF ;NZ; nobenders ;1484139;1484139;1484139;1484139;15;26;0;0;0;0.347777; lpstatus: 101;0
PSCLP_INSTANCES/GRID_PSCLP_n100_m50000_d1_100_f10_100_s5.dat; NA ;3.4;6; CPIF ;NZ; nobenders ;2114746;2114746;2114746;2114746;6;5;0;0;0;0.123774; lpstatus: 101;0
PSCLP_INSTANCES/GRID_PSCLP_n100_m100000_d1_100_f10_100_s1.dat; NA ;3.4;6; CPIF ;NZ; nobenders ;2962951;2962951;2962951;2962951;15;26;0;0;0;0.906157; lpstatus: 101;0
PSCLP_INSTANCES/GRID_PSCLP_n100_m100000_d1_100_f10_100_s5.dat; NA ;3.4;6; CPIF ;NZ; nobenders ;4241627;4241627;4241627;4241627;6;5;0;0;0;0.368601; lpstatus: 101;0
PSCLP_INSTANCES/GRID_PSCLP_n100_m1000_d1_100_f10_100_s1.dat; NA ;5.5;4; CPIF ;NT; nobenders ;344;344;344;0;97;94;1;0;0;0.007543; lpstatus: 101;0
PSCLP_INSTANCES/GRID_PSCLP_n100_m1000_d1_100_f10_100_s5.dat; NA ;5.5;4; CPIF ;NT; nobenders ;3058;3058;3058;0;95;92;1;0;0;0.00496; lpstatus: 101;0
PSCLP_INSTANCES/GRID_PSCLP_n100_m5000_d1_100_f10_100_s1.dat; NA ;5.5;4; CPIF ;NT; nobenders ;2186;2186;2186;0;98;94;1;0;0;0.006567; lpstatus: 101;0
PSCLP_INSTANCES/GRID_PSCLP_n100_m5000_d1_100_f10_100_s5.dat; NA ;5.5;4; CPIF ;NT; nobenders ;12567;12567;12567;0;95;92;1;0;0;0.009427; lpstatus: 101;0
PSCLP_INSTANCES/GRID_PSCLP_n100_m10000_d1_100_f10_100_s1.dat; NA ;5.5;4; CPIF ;NT; nobenders ;4831;4831;4831;0;98;94;1;0;0;0.007392; lpstatus: 101;0
PSCLP_INSTANCES/GRID_PSCLP_n100_m10000_d1_100_f10_100_s5.dat; NA ;5.5;4; CPIF ;NT; nobenders ;24604;24604;24604;0;95;92;1;0;0;0.007615; lpstatus: 101;0
PSCLP_INSTANCES/GRID_PSCLP_n100_m50000_d1_100_f10_100_s1.dat; NA ;5.5;4; CPIF ;NT; nobenders ;24088;24088;24088;0;97;94;1;0;0;0.018956; lpstatus: 101;0
PSCLP_INSTANCES/GRID_PSCLP_n100_m50000_d1_100_f10_100_s5.dat; NA ;5.5;4; CPIF ;NT; nobenders ;118393;118393;118393;0;65;90;8;0;9;0.076301; lpstatus: 101;0
PSCLP_INSTANCES/GRID_PSCLP_n100_m100000_d1_100_f10_100_s1.dat; NA ;5.5;4; CPIF ;NT; nobenders ;47978;47978;47978;0;97;94;1;0;0;0.032965; lpstatus: 101;0
PSCLP_INSTANCES/GRID_PSCLP_n100_m100000_d1_100_f10_100_s5.dat; NA ;5.5;4; CPIF ;NT; nobenders ;235567;235567;235567;0;95;92;1;0;0;0.03453; lpstatus: 101;0
PSCLP_INSTANCES/GRID_PSCLP_n100_m1000_d1_100_f10_100_s1.dat; NA ;5.5;6; CPIF ;NT; nobenders ;0;0;0;0;96;94;0;0;0;0.004733; lpstatus: 101;0
PSCLP_INSTANCES/GRID_PSCLP_n100_m1000_d1_100_f10_100_s5.dat; NA ;5.5;6; CPIF ;NT; nobenders ;779;779;779;0;95;92;1;0;0;0.005815; lpstatus: 101;0
PSCLP_INSTANCES/GRID_PSCLP_n100_m5000_d1_100_f10_100_s1.dat; NA ;5.5;6; CPIF ;NT; nobenders ;0;0;0;0;96;94;0;0;0;0.008575; lpstatus: 101;0
PSCLP_INSTANCES/GRID_PSCLP_n100_m5000_d1_100_f10_100_s5.dat; NA ;5.5;6; CPIF ;NT; nobenders ;4179;4179;4179;0;95;92;1;0;0;0.00794; lpstatus: 101;0
PSCLP_INSTANCES/GRID_PSCLP_n100_m10000_d1_100_f10_100_s1.dat; NA ;5.5;6; CPIF ;NT; nobenders ;0;0;0;0;96;94;0;0;0;0.008684; lpstatus: 101;0
PSCLP_INSTANCES/GRID_PSCLP_n100_m10000_d1_100_f10_100_s5.dat; NA ;5.5;6; CPIF ;NT; nobenders ;9779;9779;9779;0;95;92;1;0;0;0.008486; lpstatus: 101;0
PSCLP_INSTANCES/GRID_PSCLP_n100_m50000_d1_100_f10_100_s1.dat; NA ;5.5;6; CPIF ;NT; nobenders ;0;0;0;0;96;94;0;0;0;0.018294; lpstatus: 101;0
PSCLP_INSTANCES/GRID_PSCLP_n100_m50000_d1_100_f10_100_s5.dat; NA ;5.5;6; CPIF ;NT; nobenders ;46698;46698;46698;0;95;92;1;0;0;0.023765; lpstatus: 101;0
PSCLP_INSTANCES/GRID_PSCLP_n100_m100000_d1_100_f10_100_s1.dat; NA ;5.5;6; CPIF ;NT; nobenders ;0;0;0;0;96;94;0;0;0;0.028652; lpstatus: 101;0
PSCLP_INSTANCES/GRID_PSCLP_n100_m100000_d1_100_f10_100_s5.dat; NA ;5.5;6; CPIF ;NT; nobenders ;91484;91484;91484;0;95;92;1;0;0;0.045203; lpstatus: 101;0
PSCLP_INSTANCES/GRID_PSCLP_n100_m1000_d1_100_f10_100_s1.dat; NA ;3.4;4; CPIF ;NT; nobenders ;34682;34682;34682;0;18;5;2;0;0;0.001872; lpstatus: 101;0
PSCLP_INSTANCES/GRID_PSCLP_n100_m1000_d1_100_f10_100_s5.dat; NA ;3.4;4; CPIF ;NT; nobenders ;45372;45372;45372;0;8;5;1;0;0;0.001933; lpstatus: 101;0
PSCLP_INSTANCES/GRID_PSCLP_n100_m5000_d1_100_f10_100_s1.dat; NA ;3.4;4; CPIF ;NT; nobenders ;174050;174050;174050;0;19;2;2;0;0;0.003305; lpstatus: 101;0
PSCLP_INSTANCES/GRID_PSCLP_n100_m5000_d1_100_f10_100_s5.dat; NA ;3.4;4; CPIF ;NT; nobenders ;220414;220414;220414;0;8;5;1;0;0;0.003076; lpstatus: 101;0
PSCLP_INSTANCES/GRID_PSCLP_n100_m10000_d1_100_f10_100_s1.dat; NA ;3.4;4; CPIF ;NT; nobenders ;354048;354048;354048;0;19;6;2;0;0;0.005312; lpstatus: 101;0
PSCLP_INSTANCES/GRID_PSCLP_n100_m10000_d1_100_f10_100_s5.dat; NA ;3.4;4; CPIF ;NT; nobenders ;445795;445795;445795;0;8;5;1;0;0;0.003978; lpstatus: 101;0
PSCLP_INSTANCES/GRID_PSCLP_n100_m50000_d1_100_f10_100_s1.dat; NA ;3.4;4; CPIF ;NT; nobenders ;1786276;1786276;1786276;0;17;6;2;0;0;0.020938; lpstatus: 101;0
PSCLP_INSTANCES/GRID_PSCLP_n100_m50000_d1_100_f10_100_s5.dat; NA ;3.4;4; CPIF ;NT; nobenders ;2231812;2231812;2231812;0;8;5;1;0;0;0.013698; lpstatus: 101;0
PSCLP_INSTANCES/GRID_PSCLP_n100_m100000_d1_100_f10_100_s1.dat; NA ;3.4;4; CPIF ;NT; nobenders ;3575217;3575217;3575217;0;19;5;2;0;0;0.038887; lpstatus: 101;0
PSCLP_INSTANCES/GRID_PSCLP_n100_m100000_d1_100_f10_100_s5.dat; NA ;3.4;4; CPIF ;NT; nobenders ;4473082;4473082;4473082;0;8;5;1;0;0;0.026301; lpstatus: 101;0
PSCLP_INSTANCES/GRID_PSCLP_n100_m1000_d1_100_f10_100_s1.dat; NA ;3.4;6; CPIF ;NT; nobenders ;29813;29813;29813;0;16;11;3;0;0;0.002555; lpstatus: 101;0
PSCLP_INSTANCES/GRID_PSCLP_n100_m1000_d1_100_f10_100_s5.dat; NA ;3.4;6; CPIF ;NT; nobenders ;43575;43575;43575;0;8;5;1;0;0;0.001907; lpstatus: 101;0
PSCLP_INSTANCES/GRID_PSCLP_n100_m5000_d1_100_f10_100_s1.dat; NA ;3.4;6; CPIF ;NT; nobenders ;145576;145576;145576;0;15;5;2;0;0;0.004487; lpstatus: 101;0
PSCLP_INSTANCES/GRID_PSCLP_n100_m5000_d1_100_f10_100_s5.dat; NA ;3.4;6; CPIF ;NT; nobenders ;208876;208876;208876;0;6;3;2;0;0;0.003958; lpstatus: 101;0
PSCLP_INSTANCES/GRID_PSCLP_n100_m10000_d1_100_f10_100_s1.dat; NA ;3.4;6; CPIF ;NT; nobenders ;294540;294540;294540;0;18;9;4;0;0;0.012997; lpstatus: 101;0
PSCLP_INSTANCES/GRID_PSCLP_n100_m10000_d1_100_f10_100_s5.dat; NA ;3.4;6; CPIF ;NT; nobenders ;422724;422724;422724;0;8;5;1;0;0;0.005215; lpstatus: 101;0
PSCLP_INSTANCES/GRID_PSCLP_n100_m50000_d1_100_f10_100_s1.dat; NA ;3.4;6; CPIF ;NT; nobenders ;1484139;1484139;1484139;0;16;10;3;0;0;0.038525; lpstatus: 101;0
PSCLP_INSTANCES/GRID_PSCLP_n100_m50000_d1_100_f10_100_s5.dat; NA ;3.4;6; CPIF ;NT; nobenders ;2114746;2114746;2114746;0;8;5;1;0;0;0.019409; lpstatus: 101;0
PSCLP_INSTANCES/GRID_PSCLP_n100_m100000_d1_100_f10_100_s1.dat; NA ;3.4;6; CPIF ;NT; nobenders ;2962951;2962951;2962951;0;18;11;3;0;0;0.074815; lpstatus: 101;0
PSCLP_INSTANCES/GRID_PSCLP_n100_m100000_d1_100_f10_100_s5.dat; NA ;3.4;6; CPIF ;NT; nobenders ;4241627;4241627;4241627;0;8;5;1;0;0;0.036772; lpstatus: 101;0
